Workbook

Sheet Checks
A1: ID | B1: Area | C1: Section | D1: Check | E1: Expected result | F1: Flag | G1: Status | H1: Tester | I1: Date | J1: Notes / defect
A2: WS-01 | B2: Workspace app | C2: Rail and switching | D2: Switching workspace lands on its apps. | E2: From Settings (or any section but Apps), pick another workspace in the rail. The new workspace's app list opens with no app pre-selected — not the same admin screen under a different subject. | F2: NEW | G2: Not run
A3: WS-02 | B3: Workspace app | C3: Rail and switching | D3: A role without workspaces.view is not dumped on Apps. | E3: As a member whose role cannot open Apps, switch workspace. They stay on the section they were on rather than landing on a page that refuses them. | F3: NEW | G3: Not run
A4: WS-03 | B4: Workspace app | C4: Rail and switching | D4: Rail order drags and persists company-wide. | E4: Drag a workspace up the rail, reload, then check from a second account in the same company. Same order. The default workspace is no longer pinned first and can be moved. | G4: Not run
A5: WS-04 | B5: Workspace app | C5: Rail and switching | D5: Reorder is company-admin only. | E5: A non-admin cannot drag the rail, and the whole order is sent on every move — no partial reconciliation. | G5: Not run
A6: WS-05 | B6: Workspace app | C6: Rail and switching | D6: A stale workspace or company in the URL reconciles before render. | E6: Paste a URL for a workspace you cannot enter. You land on an allowed tenant; the URL and what is on screen agree. | G6: Not run
A7: WS-06 | B7: Workspace app | C7: Workspace home | D7: One of each tile type renders and survives a reload. | E7: Apps, App, Report, Tasks, Members, Calendar, Contacts, Jobs, Text, Image, Links, Clock — all twelve, plus reorder and resize. | G7: Not run
A8: WS-07 | B8: Workspace app | C8: Workspace home | D8: The Jobs tile's parts tick on and off. | E8: Working today, Draws ready, Spent to date, Production health and the draws list. An untouched tile shows the useful default set; ticking everything off gives a blank tile, not a crash. | G8: Not run
A9: WS-08 | B9: Workspace app | C9: Workspace home | D9: A running clock ticks in seconds and steals no focus. | E9: Start a timer, then type into a field on the same page. The rail clock and the Clock tile tick every second; the caret never moves and nothing is re-rendered. 10:38:47 PM fits inside the tile. | F9: REGRESSION | G9: Not run
A10: WS-09 | B10: Workspace app | C10: Workspace home | D10: The activity feed and the tile column scroll separately above 900px. | E10: Each column has its own scrollbar and equal height. Reaching the end of the tiles does not mean scrolling past the whole feed, and neither column grows a horizontal bar. | F10: REGRESSION | G10: Not run
A11: WS-10 | B11: Workspace app | C11: Workspace home | D11: Below 900px they stack and the page takes its scroll back. | E11: One scrollport on a phone. No nested scrolling trap. | G11: Not run
A12: WS-11 | B12: Workspace app | C12: Workspace home | D12: Clearing the activity log leaves a trace. | E12: One entry survives naming who cleared it and how many went. Feed posts, company audit events and per-record history are all untouched. | G12: Not run
A13: WS-12 | B13: Workspace app | C13: App shell and tabs | D13: The tab strip stays put while the app list scrolls under it. | E13: Open an app with more records than fit. The strip is sticky against the top of the surface, the list scrolls inside itself with overscroll contained, and the strip sits below menus rather than over them. | F13: NEW | G13: Not run
A14: WS-13 | B14: Workspace app | C14: App shell and tabs | D14: App tiles in the topbar wrap between words only. | E14: "Underwriter" does not break as "Underwrite / r". A name too long for two lines is clipped with an ellipsis, not cut mid-word. | F14: REGRESSION | G14: Not run
A15: WS-14 | B15: Workspace app | C15: App shell and tabs | D15: Per-app tab visibility. | E15: Turn Reports off in the app's Settings — it leaves the strip, and a bookmarked ?tab=reports falls through to a tab that does exist. | G15: Not run
A16: WS-15 | B16: Workspace app | C16: App shell and tabs | D16: All five item layouts render. | E16: Table, Cards, Board, Badges, Activity. A record's card is identical in Cards and on the Board. | G16: Not run
A17: WS-16 | B17: Workspace app | C17: App shell and tabs | D17: Dragging a card between board columns writes the status field. | E17: The column count, the saved-view count and the stage card all agree afterwards — they are one function. | G17: Not run
A18: WS-17 | B18: Workspace app | C18: App shell and tabs | D18: Every stage the rail offers is clickable. | E18: Click each stage in turn on a Deals and a Jobs record. None silently snaps back to the first stage; an unrecognised stage is kept and shown, not rewritten. | F18: REGRESSION | G18: Not run
A19: WS-18 | B19: Workspace app | C19: App shell and tabs | D19: Default sort is newest first. | E19: A record with no created stamp orders by its updated stamp instead of sinking to the bottom. | G19: Not run
A20: WS-19 | B20: Workspace app | C20: App shell and tabs | D20: Stage nav and chip filters combine, and counts survive filtering. | G20: Not run
A21: WS-20 | B21: Workspace app | C21: App shell and tabs | D21: Saved views: team versus private. | E21: A team view appears for a second account; a private view does not, and is gone in a different browser. Only status and category fields are offered as the split. | G21: Not run
A22: WS-21 | B22: Workspace app | C22: App shell and tabs | D22: Calendar month, week and day — including sub-item dates. | E22: An app whose dates live on its Dailies puts them on the calendar as "Dailies · Date", and clicking one opens the parent record. | G22: Not run
A23: WS-22 | B23: Workspace app | C23: App shell and tabs | D23: Reports tab and its print view show the same figures. | E23: KPI tiles, donut, bar and sparkline. Print opens in the same click, not blocked as a pop-up. | G23: Not run
A24: WS-23 | B24: Workspace app | C24: Records and live state | D24: A long record panel scrolls inside itself. | E24: Open a record with a long Activity and Comments thread. The panel caps at the viewport, the header stays put, and one scrollbar governs the conversation — not two. | F24: NEW | G24: Not run
A25: WS-24 | B25: Workspace app | C25: Records and live state | D25: Below 900px the record panels scroll with the page again. | F25: NEW | G25: Not run
A26: WS-25 | B26: Workspace app | C26: Records and live state | D26: Activity and Comments are two different things. | E26: Activity shows created, field changes, checklist ticks, sheet edits, automation runs and the latest comments. Comments shows comments only. | G26: Not run
A27: WS-26 | B27: Workspace app | C27: Records and live state | D27: A mention notifies the person named, and the sound plays once. | G27: Not run
A28: WS-27 | B28: Workspace app | C28: Records and live state | D28: A presence change never repaints over somebody typing. | E28: Type into a record while a second account signs in. Nothing is re-rendered and no keystroke is lost; the online ring appears about a second and a half after you stop. | F28: NEW | G28: Not run
A29: WS-28 | B29: Workspace app | C29: Records and live state | D29: Recycle bin: delete, restore, purge. | E29: A deleted record lands in Trash stamped with who and when, restores with every value intact, and purge is final. Records older than 30 days are the ones offered for clearing. | G29: Not run
A30: WS-29 | B30: Workspace app | C30: Records and live state | D30: CSV export and import round-trip. | E30: Quoted commas, quotes and newlines survive; an empty column stays a column; option labels export as labels, not ids. | G30: Not run
A31: WS-30 | B31: Workspace app | C31: Records and live state | D31: Download an app and install it into another workspace. | E31: Field ids are reminted, and the record layout, card fields, sub-item lists, dashboard and saved views all still point at real fields — not an empty card. | G31: Not run
A32: AB-01 | B32: Workspace App Builder | C32: The app and its field list | D32: Create an app: name, icon, colour. | E32: A custom colour is accepted only as a CSS hex; an imported app carrying anything else is constrained before it reaches a style attribute. | G32: Not run
A33: AB-02 | B33: Workspace App Builder | C33: The app and its field list | D33: The palette search filters the type list. | E33: Type "but" into Search field types: only Button is left, and the search box itself stays on screen — it sits in the palette head, outside what is being filtered. | F33: NEW | G33: Not run
A34: AB-03 | B34: Workspace App Builder | C34: The app and its field list | D34: Dragging a type from the palette onto the empty field list adds it. | E34: Not only onto an existing row. Both drop targets work in an app and in the Company Contacts editor. | F34: REGRESSION | G34: Not run
A35: AB-04 | B35: Workspace App Builder | C35: The app and its field list | D35: Drag-to-reorder renumbers from what is on screen. | G35: Not run
A36: AB-05 | B36: Workspace App Builder | C36: The app and its field list | D36: The eye hides a field from the items table only. | E36: Still on the record, still on the form, still stored. | G36: Not run
A37: AB-06 | B37: Workspace App Builder | C37: The app and its field list | D37: Deleting a field warns first, and a new field of the same name does not inherit the old values. | G37: Not run
A38: AB-07 | B38: Workspace App Builder | C38: The app and its field list | D38: Without workspaces.manage there is no palette and no row actions. | E38: The Fields tab is readable, not editable. Verify as a Member, not as an Owner — an Owner holds every permission by rank and cannot see this. | G38: Not run
A39: AB-08 | B39: Workspace App Builder | C39: The app and its field list | D39: Record wording follows the app name. | E39: "Add job", not "Add item". Companies → Company, Properties → Property; a name the singulariser cannot handle is left whole rather than guessed at. | G39: Not run
A40: AB-09 | B40: Workspace App Builder | C40: Sub-item lists, automations, dashboard | D40: A sub-item list holds records inside a record. | E40: Add "Dailies" with its own fields and its own singular label; add several to one record; they survive a reload and appear on the calendar. | G40: Not run
A41: AB-10 | B41: Workspace App Builder | C41: Sub-item lists, automations, dashboard | D41: A calculation field cannot live inside a sub-item list. | E41: The palette refuses it and an imported app carrying one is rejected — a sub-item formula resolves against the app's fields, so it would silently read zero. | G41: Not run
A42: AB-11 | B42: Workspace App Builder | C42: Sub-item lists, automations, dashboard | D42: Sub-item fields render with the collection's own formatter. | E42: A User field in a daily shows the member's name, not a UUID. | G42: Not run
A43: AB-12 | B43: Workspace App Builder | C43: Sub-item lists, automations, dashboard | D43: An automation fires and is logged as one. | E43: Build a rule on a status change; check all six numeric operators (=, ≠, >, <, ≥, ≤); the rule summary reads as a sentence, and the run appears on the record's Activity as an automation entry. | G43: Not run
A44: AB-13 | B44: Workspace App Builder | C44: Sub-item lists, automations, dashboard | D44: The app dashboard is an arrangement, not a fixed page. | E44: Add and reorder widgets, span 1–4 columns, and confirm a widget that needs a field type the app lacks says which field to add instead of drawing an empty chart. | G44: Not run
A45: AB-14 | B45: Workspace App Builder | C45: Getting an app in and out | D45: Install one of the shipped bundles. | E45: Underwriter (26 fields, 9 calculated), Sales Pipeline (27 / 6), Jobs (32 / 5, 2 sub-item lists). No unknown type quietly becomes text, no private view arrives, and every relationship and rollup target still resolves. | G45: Not run
A46: AB-15 | B46: Workspace App Builder | C46: Getting an app in and out | D46: A CSV import maps headers and reports what it could not place. | E46: A category value the field has never seen; a blank column; a row with a trailing comma. | G46: Not run
A47: AB-16 | B47: Workspace App Builder | C47: Getting an app in and out | D47: A linked app is a mirror, managed at its source. | E47: Fields, records, name and icon are read-only where it is installed, and the panel says so. | G47: Not run
A48: AB-17 | B48: Workspace App Builder | C48: Getting an app in and out | D48: Deleting an app names the app and its record count before it goes. | G48: Not run
A49: AB-18 | B49: Workspace App Builder | C49: Getting an app in and out | D49: Guided setup does not claim a manually built app. | E49: Apply a setup in a workspace that already has a hand-made app: the manual app keeps its configuration, and a CRM conflict blocks with a message naming the app rather than activating both. | G49: Not run
A50: FLD-01 | B50: App fields | C50: Choice chips — new | D50: A Display style row appears on Category and Status. | E50: Dropdown or Choice chips. Multi-select does not offer it — it holds several values, and one-at-a-time chips are the wrong control. | F50: NEW | G50: Not run
A51: FLD-02 | B51: App fields | C51: Choice chips — new | D51: Chips draw every option, with the current one filled. | E51: On the record modal, on the record page, inside a sub-item row and in an inline table cell. | F51: NEW | G51: Not run
A52: FLD-03 | B52: App fields | C52: Choice chips — new | D52: Clicking a chip picks it and the form knows. | E52: Save enables, a conditional Button re-evaluates immediately, and the saved record holds the option — the same value a dropdown would have stored. | F52: NEW | G52: Not run
A53: FLD-04 | B53: App fields | C53: Choice chips — new | D53: Clicking the picked chip again clears the field. | F53: NEW | G53: Not run
A54: FLD-05 | B54: App fields | C54: Choice chips — new | D54: "+ Other" mints an option for everybody. | E54: Type a value the app has never seen and press Done: the chip appears in the row, this record is set to it, a toast names the field, and the option is there for the next person. | F54: NEW | G54: Not run
A55: FLD-06 | B55: App fields | C55: Choice chips — new | D55: "roofing" against an existing "Roofing" picks the existing chip. | E55: No second chip, no second colour. | F55: NEW | G55: Not run
A56: FLD-07 | B56: App fields | C56: Choice chips — new | D56: Without workspaces.manage, minting is refused out loud. | E56: A message saying only people who can manage workspaces may add an option — and what was typed is still on screen, not dropped. | F56: NEW | G56: Not run
A57: FLD-08 | B57: App fields | C57: Choice chips — new | D57: Enter and Escape belong to the "+ Other" box. | E57: Enter adds the option. Escape closes only the box. Neither closes the record dialog, and neither commits the inline cell the chips are sitting in. | F57: NEW | G57: Not run
A58: FLD-09 | B58: App fields | C58: Choice chips — new | D58: A chip in a table cell does not open the record behind it. | F58: NEW | G58: Not run
A59: FLD-10 | B59: App fields | C59: Choice chips — new | D59: A chip field with no options falls back to the dropdown. | E59: An empty chip row is a dead end; the dropdown at least accepts a typed value. | F59: NEW | G59: Not run
A60: FLD-11 | B60: App fields | C60: Choice chips — new | D60: A copy landing on a chip field resolves the label to an option. | E60: Pick a contact or a linked record whose value this app has never seen: the option is minted and the chip is picked. A value that cannot be resolved leaves the field alone rather than clearing it, and a copy never overwrites a chip somebody picked themselves. | F60: NEW | G60: Not run
A61: FLD-12 | B61: App fields | C61: Choice chips — new | D61: A dropdown category is still a type-ahead. | E61: Blank until clicked, filters as you type, and an unknown value joins the list under the same casing rules. | G61: Not run
A62: FLD-13 | B62: App fields | C62: Fields that reach across records | D62: The relationship picker shows both halves. | E62: Identify by names the record, Show field sits under it, so two leads for the same person read differently. Search matches either half and the chosen text keeps the distinction. | G62: Not run
A63: FLD-14 | B63: App fields | C63: Fields that reach across records | D63: The relationship config panel renders at all. | E63: Workspace, Linked app, Show field, Identify by and Specific record are all present. This panel has gone entirely blank once, from one helper throwing. | F63: REGRESSION | G63: Not run
A64: FLD-15 | B64: App fields | C64: Fields that reach across records | D64: A mapped copy fills only blank fields. | E64: Type an address, then link a record that has one: what you typed is kept. Changing the linked record afterwards updates what the copy wrote. | G64: Not run
A65: FLD-16 | B65: App fields | C65: Fields that reach across records | D65: "Copy every field they share" matches by label. | E65: Case and spacing ignored; a hand-written row beats the switch; the switch is cleared for a multi-link; Date into Money is refused and nothing at all copies into a calculation, rollup, autonumber or timestamp field. | G65: Not run
A66: FLD-17 | B66: App fields | C66: Fields that reach across records | D66: The Company Contact copy actually runs. | E66: Pick a contact and watch the matching fields fill. It has shipped twice reporting "Contact copy failed to load" while the real fault was elsewhere — check the console is clean, not just the fields. | F66: REGRESSION | G66: Not run
A67: FLD-18 | B67: App fields | C67: Fields that reach across records | D67: A copy into a category writes the option, not the label. | E67: The Company field shows the contact's company after the copy — not its placeholder — and the saved record holds an option id. | F67: REGRESSION | G67: Not run
A68: FLD-19 | B68: App fields | C68: Fields that reach across records | D68: Saving a record with a Company Contact field terminates. | E68: Type a customer who is not in the directory and Save: the contact is created with just the name, the record saves, and the tab does not freeze re-submitting itself. Save again with nothing pending — one pass. | F68: REGRESSION | G68: Not run
A69: FLD-20 | B69: App fields | C69: Fields that reach across records | D69: A recycle-binned contact is neither offered nor counted as a duplicate. | G69: Not run
A70: FLD-21 | B70: App fields | C70: The Button field | D70: Conditions read the form, not the last save. | E70: Change the stage without saving and the button lights up. A category is compared on its label ("Won"), and a half-written rule is ignored rather than locking the button while it is being filled in. | G70: Not run
A71: FLD-22 | B71: App fields | C71: The Button field | D71: "Everything on the record" turns off and stays off. | E71: Flip it off, untick a few fields, save, reopen the panel: the switch is still off with exactly those fields ticked. Turning the switch off used to be impossible — an empty list read as "everything" and drew the switch back on. | F71: NEW | G71: Not run
A72: FLD-23 | B72: App fields | C72: The Button field | D72: The picker starts all ticked, and says so when there is nothing to pick. | F72: NEW | G72: Not run
A73: FLD-24 | B73: App fields | C73: The Button field | D73: A press grows the target app to fit. | E73: Missing fields are created as clones with fresh ids, carrying their options but not the source's copy rules, and never required. Records already in the target keep every value and read blank in the new columns. | G73: Not run
A74: FLD-25 | B74: App fields | C74: The Button field | D74: Never carried: the button itself, or any automatic field. | E74: Autonumber, created and updated time, calculation and rollup are all left behind. A relationship is carried only where the target already has one of that name. | G74: Not run
A75: FLD-26 | B75: App fields | C75: The Button field | D75: The receiving app logs the arrival. | E75: Open the record that landed: its Activity reads "Title arrived from App (a copy)" as a created entry — not "Nothing yet" — and names how many fields were added to fit. | F75: NEW | G75: Not run
A76: FLD-27 | B76: App fields | C76: The Button field | D76: Send-and-remove writes the target first. | E76: With the move action, the source record disappears only after the target has saved, and the source workspace logs where it went. A failed write must not lose it from both. | G76: Not run
A77: FLD-28 | B77: App fields | C77: The Button field | D77: Set-fields acts differently where it is pressed. | E77: In the list it writes the record and saves; on a form it fills the boxes and leaves them to be saved. A category is set by what it says, and a word the field has never heard of writes nothing. Automatic fields are refused. | G77: Not run
A78: FLD-29 | B78: App fields | C78: The Button field | D78: Text, icon, both, or neither. | E78: A blank button still has a body to click and does not collapse. | G78: Not run
A79: FLD-30 | B79: App fields | C79: Computed fields and the Sheet | D79: A calculation resolves {Label} against the app's own fields. | E79: And a formula referencing another calculation reads 0 — confirm the shipped bundles flatten rather than chain. | G79: Not run
A80: FLD-31 | B80: App fields | C80: Computed fields and the Sheet | D80: Rollup, auto-number prefix, Created time and Last modified. | E80: Auto-number is assigned on create and never renumbers; the timestamps read the record's own stamps rather than a stored value. | G80: Not run
A81: FLD-32 | B81: App fields | C81: Computed fields and the Sheet | D81: The Sheet editor opens. | E81: It once shipped broken with every test passing, because nothing called it. Open one and confirm the grid draws before checking anything else on it. | F81: REGRESSION | G81: Not run
A82: FLD-33 | B82: App fields | C82: Computed fields and the Sheet | D82: The ribbon works: font and size, B/I/U, borders, fill, text colour, alignment, wrap, merge, number formats, clear formatting. | E82: Plus Ctrl+B / I / U and Ctrl+A. | G82: Not run
A83: FLD-34 | B83: App fields | C83: Computed fields and the Sheet | D83: Multi-select every way: drag, shift-click, shift+arrow, a header, several headers, the corner box. | E83: The lead cell stays outlined inside the wash, and the status bar carries the count and the sum. | G83: Not run
A84: FLD-35 | B84: App fields | C84: Computed fields and the Sheet | D84: Insert and delete rewrite every formula on the sheet. | E84: =SUM(A1:A9) becomes =SUM(A2:A10); a reference whose row was deleted becomes #REF! rather than pointing at whatever moved in; ="A1" stays text and MAX( stays a function. | G84: Not run
A85: FLD-36 | B85: App fields | C85: Computed fields and the Sheet | D85: Widths and heights drag, type in, and survive a save and reload. | E85: Along with every colour, border and merge. A column dragged narrow stays narrow. | G85: Not run
A86: FLD-37 | B86: App fields | C86: Computed fields and the Sheet | D86: Import an .xlsx with its formatting. | E86: Fills, text colour, borders, bold/italic/underline, font and size, alignment, wrapping, number formats, merges, widths and heights. A themed colour arrives coloured, not black on white, and a formula the engine cannot work out arrives as the value Excel last calculated. | G86: Not run
A87: FLD-38 | B87: App fields | C87: Computed fields and the Sheet | D87: Export writes a file Excel opens without a repair prompt. | G87: Not run
A88: FLD-39 | B88: App fields | C88: Computed fields and the Sheet | D88: A Sheet or Button field never becomes the record's name. | E88: The feed must not announce a record as Added {"rows":39,"cols":24…, and that string must not drag the column sideways. | F88: REGRESSION | G88: Not run
A89: FLD-40 | B89: App fields | C89: The rest of the palette | D89: Checklist default steps, and its % complete referenced from a Progress or Calculation field. | G89: Not run
A90: FLD-41 | B90: App fields | C90: The rest of the palette | D90: Progress stops and display styles; Rating 0–5; Multi-select holds several; Duration in hours and minutes. | G90: Not run
A91: FLD-42 | B91: App fields | C91: The rest of the palette | D91: Money currency symbol and Number unit suffix reach the table, the card and the CSV. | G91: Not run
A92: FLD-43 | B92: App fields | C92: The rest of the palette | D92: URL: open, copy and QR. Email. Phone formats as you type and refuses letters. | G92: Not run
A93: FLD-44 | B93: App fields | C93: The rest of the palette | D93: File: click or drop, progress bar, View / Download / Remove, the multiple switch. | E93: And the upload is mirrored into Company Drive under this app's folder, not a generic one. | G93: Not run
A94: FLD-45 | B94: App fields | C94: The rest of the palette | D94: Location: the pin is a control. | E94: It opens the map dialog — address search, drag the pin, Use my location. Only the address comes back. Everything else typed on the record survives the trip, and both Cancel and the shell's Close return you to the record with it intact. | G94: Not run
A95: FLD-46 | B95: App fields | C95: The rest of the palette | D95: Image, Yes/No, Text and Long text placeholders. | G95: Not run
A96: FLD-47 | B96: App fields | C96: The rest of the palette | D96: Required blocks the save and names the field. | G96: Not run
A97: FLD-48 | B97: App fields | C97: The rest of the palette | D97: Every one of the 28 config panels renders. | E97: Walk the palette top to bottom, open each field's Configure, and confirm the panel is populated. One throwing helper takes the whole panel down and every neighbouring setting with it. | F97: REGRESSION | G97: Not run
A98: CC-01 | B98: Company Contacts | C98: The directory | D98: The columns are the company's. | E98: Name with the phone under it, then one column per unhidden field in field order, then Active with us, Open balance and Last touch. No Workspace column. | G98: Not run
A99: CC-02 | B99: Company Contacts | C99: The directory | D99: Renaming a field renames its column. | G99: Not run
A100: CC-03 | B100: Company Contacts | C100: The directory | D100: Hidden means off the table, not off the record. | E100: Hide a field: it leaves the directory and stays on the card and the form. Hide the phone field and the number under every name stays put. | F100: REGRESSION | G100: Not run
...

Sheet Summary
A1: Questbase QA pass — where it stands
A2: Counts recalculate from the Checks sheet. Set each row’s Status there.
A4: Area | B4: Checks | C4: Pass | D4: Fail | E4: Blocked | F4: Not run | G4: New | H4: Regression
A5: Workspace app | B5: =COUNTIF(Checks!$B$2:$B$140,$A5) | C5: =COUNTIFS(Checks!$B$2:$B$140,$A5,Checks!$G$2:$G$140,"Pass") | D5: =COUNTIFS(Checks!$B$2:$B$140,$A5,Checks!$G$2:$G$140,"Fail") | E5: =COUNTIFS(Checks!$B$2:$B$140,$A5,Checks!$G$2:$G$140,"Blocked") | F5: =COUNTIFS(Checks!$B$2:$B$140,$A5,Checks!$G$2:$G$140,"Not run") | G5: =COUNTIFS(Checks!$B$2:$B$140,$A5,Checks!$F$2:$F$140,"NEW") | H5: =COUNTIFS(Checks!$B$2:$B$140,$A5,Checks!$F$2:$F$140,"REGRESSION")
A6: Workspace App Builder | B6: =COUNTIF(Checks!$B$2:$B$140,$A6) | C6: =COUNTIFS(Checks!$B$2:$B$140,$A6,Checks!$G$2:$G$140,"Pass") | D6: =COUNTIFS(Checks!$B$2:$B$140,$A6,Checks!$G$2:$G$140,"Fail") | E6: =COUNTIFS(Checks!$B$2:$B$140,$A6,Checks!$G$2:$G$140,"Blocked") | F6: =COUNTIFS(Checks!$B$2:$B$140,$A6,Checks!$G$2:$G$140,"Not run") | G6: =COUNTIFS(Checks!$B$2:$B$140,$A6,Checks!$F$2:$F$140,"NEW") | H6: =COUNTIFS(Checks!$B$2:$B$140,$A6,Checks!$F$2:$F$140,"REGRESSION")
A7: App fields | B7: =COUNTIF(Checks!$B$2:$B$140,$A7) | C7: =COUNTIFS(Checks!$B$2:$B$140,$A7,Checks!$G$2:$G$140,"Pass") | D7: =COUNTIFS(Checks!$B$2:$B$140,$A7,Checks!$G$2:$G$140,"Fail") | E7: =COUNTIFS(Checks!$B$2:$B$140,$A7,Checks!$G$2:$G$140,"Blocked") | F7: =COUNTIFS(Checks!$B$2:$B$140,$A7,Checks!$G$2:$G$140,"Not run") | G7: =COUNTIFS(Checks!$B$2:$B$140,$A7,Checks!$F$2:$F$140,"NEW") | H7: =COUNTIFS(Checks!$B$2:$B$140,$A7,Checks!$F$2:$F$140,"REGRESSION")
A8: Company Contacts | B8: =COUNTIF(Checks!$B$2:$B$140,$A8) | C8: =COUNTIFS(Checks!$B$2:$B$140,$A8,Checks!$G$2:$G$140,"Pass") | D8: =COUNTIFS(Checks!$B$2:$B$140,$A8,Checks!$G$2:$G$140,"Fail") | E8: =COUNTIFS(Checks!$B$2:$B$140,$A8,Checks!$G$2:$G$140,"Blocked") | F8: =COUNTIFS(Checks!$B$2:$B$140,$A8,Checks!$G$2:$G$140,"Not run") | G8: =COUNTIFS(Checks!$B$2:$B$140,$A8,Checks!$F$2:$F$140,"NEW") | H8: =COUNTIFS(Checks!$B$2:$B$140,$A8,Checks!$F$2:$F$140,"REGRESSION")
A9: Contact card | B9: =COUNTIF(Checks!$B$2:$B$140,$A9) | C9: =COUNTIFS(Checks!$B$2:$B$140,$A9,Checks!$G$2:$G$140,"Pass") | D9: =COUNTIFS(Checks!$B$2:$B$140,$A9,Checks!$G$2:$G$140,"Fail") | E9: =COUNTIFS(Checks!$B$2:$B$140,$A9,Checks!$G$2:$G$140,"Blocked") | F9: =COUNTIFS(Checks!$B$2:$B$140,$A9,Checks!$G$2:$G$140,"Not run") | G9: =COUNTIFS(Checks!$B$2:$B$140,$A9,Checks!$F$2:$F$140,"NEW") | H9: =COUNTIFS(Checks!$B$2:$B$140,$A9,Checks!$F$2:$F$140,"REGRESSION")
A10: All areas | B10: =SUM(B5:B9) | C10: =SUM(C5:C9) | D10: =SUM(D5:D9) | E10: =SUM(E5:E9) | F10: =SUM(F5:F9) | G10: =SUM(G5:G9) | H10: =SUM(H5:H9)
A12: Sign-off gate
A13: Every check has a status other than "Not run" | B13: =IF(COUNTIF(Checks!$G$2:$G$140,"Not run")=0,"Met","Outstanding: "&COUNTIF(Checks!$G$2:$G$140,"Not run"))
A14: No failures outstanding | B14: =IF(COUNTIF(Checks!$G$2:$G$140,"Fail")=0,"Met","Failures: "&COUNTIF(Checks!$G$2:$G$140,"Fail"))
A15: Every NEW check has been run | B15: =IF(COUNTIFS(Checks!$F$2:$F$140,"NEW",Checks!$G$2:$G$140,"Not run")=0,"Met","Outstanding: "&COUNTIFS(Checks!$F$2:$F$140,"NEW",Checks!$G$2:$G$140,"Not run"))
A16: npm test / ai:check / build / check all green | B16: No
A17: Verified in a browser, not only in the suite | B17: No

Sheet Reference
A1: Running the pass
A2: Run the areas in the order they appear on the Checks sheet — each one leaves behind what the next needs.
A4: Run these, in this order
A5: npm test — the full suite. A green run proves nothing about a function nothing calls; the Sheet editor shipped broken with 2,973 tests passing.
A6: npm run ai:check — project-brain validation.
A7: npm run build, then npm run check — including the bundle-budget gate. The 64-byte gzip tolerance is for CI-versus-local zlib differences, not spendable on a feature.
A8: Open the built bundle in a browser before believing any of it. Four bugs this month passed a source-text assertion that matched the broken line.
A10: Not bugs — do not raise these
A11: SMS is fail-closed by design; the workspace routing contract is not built.
A12: The formula grammar has no conditionals and no date arithmetic — "must total 100%" is shown, never enforced.
A13: A location field stores the address only; there is nowhere on a workspace field for coordinates.
A14: Calendar memo alarms fire only while a tab is open — no service worker, no push.
... A22: Contacts and the card — src/company-contacts/: page.js, model.js, timeline.js
